subset,n_pairs,mean_asymmetry,sd_asymmetry,mean_abs_asymmetry
zero_ovule_contrast,88,-0.0034890439449346542,0.3691607035371971,0.21547405338091552
nonzero_ovule_contrast,217,0.004157321239822127,0.4478958903178713,0.2811850962904569
