subset,n_pairs,n_sign_test,sign_agreements,sign_agreement_fraction,binomial_p_one_sided_positive,pearson_r,pearson_p_two_sided,spearman_rho,spearman_p_two_sided,mean_asymmetry,sd_asymmetry
all_asymmetry_ready,305,163,78,0.4785276073619632,0.7344772752696036,0.020992623509099893,0.7149955058552726,-0.01221688245376657,0.8317243604965512,0.0019511568586464052,0.4260895683226289
high_confidence,213,112,50,0.44642857142857145,0.8904344262511079,-0.12654604118724921,0.0652664575063634,-0.09926338945873045,0.14881079892801166,0.045139699089758414,0.39704531616125
strict_PI_K2P,63,36,17,0.4722222222222222,0.691140341485152,-0.09904043980878548,0.4399552144565981,-0.041602735956777034,0.7461354804756356,-0.04054870888685871,0.4564056764751419
nonzero_ovule_difference,217,163,78,0.4785276073619632,0.7344772752696036,0.024090044175115302,0.724185813858113,-0.014115942827323757,0.8362050116741392,0.004157321239822127,0.4478958903178713
